acquisition_cohort,feature,mean_abs_shap
2012Q1,num__original_interest_rate,1.371777892112732
2012Q1,num__original_upb,0.05741027742624283
2012Q1,num__original_loan_term,0.012962926179170609
2012Q1,num__original_loan_to_value_ratio_ltv,0.09587980061769485
2012Q1,num__original_combined_loan_to_value_ratio_cltv,0.1303682178258896
2012Q1,num__number_of_borrowers,0.21122688055038452
2012Q1,num__debt_to_income_dti,0.1719455122947693
2012Q1,num__borrower_credit_score_at_origination,0.4922894537448883
2012Q1,num__co_borrower_credit_score_at_origination,0.2500362694263458
2012Q1,num__mortgage_insurance_percentage,0.0011385225225239992
2012Q1,num__current_interest_rate,0.18156692385673523
2012Q1,num__current_actual_upb,0.06716933846473694
2012Q1,num__loan_age,0.11617469787597656
2012Q1,num__remaining_months_to_legal_maturity,0.09748830646276474
2012Q1,num__remaining_months_to_maturity,0.41128501296043396
2012Q1,cat__channel,0.01677284575998783
2012Q1,cat__first_time_home_buyer_indicator,0.004346656613051891
2012Q1,cat__loan_purpose,0.09305419027805328
2012Q1,cat__property_type,0.012621240690350533
2012Q1,cat__number_of_units,0.0010318976128473878
2012Q1,cat__occupancy_status,0.0304066464304924
2012Q1,cat__property_state,0.08649230003356934
2012Q1,cat__amortization_type,0.0
2012Q1,cat__current_loan_delinquency_status,1.1224194765090942
2012Q1,cat__modification_flag,0.05071696639060974
2016Q1,num__original_interest_rate,1.3356162309646606
2016Q1,num__original_upb,0.05157431960105896
2016Q1,num__original_loan_term,0.013028928078711033
2016Q1,num__original_loan_to_value_ratio_ltv,0.0975785180926323
2016Q1,num__original_combined_loan_to_value_ratio_cltv,0.12908412516117096
2016Q1,num__number_of_borrowers,0.20128333568572998
2016Q1,num__debt_to_income_dti,0.15775026381015778
2016Q1,num__borrower_credit_score_at_origination,0.4482961893081665
2016Q1,num__co_borrower_credit_score_at_origination,0.1725708395242691
2016Q1,num__mortgage_insurance_percentage,0.001630928018130362
2016Q1,num__current_interest_rate,0.18193462491035461
2016Q1,num__current_actual_upb,0.06198732554912567
2016Q1,num__loan_age,0.19168716669082642
2016Q1,num__remaining_months_to_legal_maturity,0.11510507762432098
2016Q1,num__remaining_months_to_maturity,0.29390689730644226
2016Q1,cat__channel,0.023323560133576393
2016Q1,cat__first_time_home_buyer_indicator,0.008244005963206291
2016Q1,cat__loan_purpose,0.10918118059635162
2016Q1,cat__property_type,0.012473668903112411
2016Q1,cat__number_of_units,0.0015809880569577217
2016Q1,cat__occupancy_status,0.03333059325814247
2016Q1,cat__property_state,0.1038927435874939
2016Q1,cat__amortization_type,0.0
2016Q1,cat__current_loan_delinquency_status,1.106297492980957
2016Q1,cat__modification_flag,0.05366010218858719
2020Q1,num__original_interest_rate,1.5770118236541748
2020Q1,num__original_upb,0.04861258342862129
2020Q1,num__original_loan_term,0.016250954940915108
2020Q1,num__original_loan_to_value_ratio_ltv,0.11615972965955734
2020Q1,num__original_combined_loan_to_value_ratio_cltv,0.1655687540769577
2020Q1,num__number_of_borrowers,0.19847412407398224
2020Q1,num__debt_to_income_dti,0.18619468808174133
2020Q1,num__borrower_credit_score_at_origination,0.468874990940094
2020Q1,num__co_borrower_credit_score_at_origination,0.19382980465888977
2020Q1,num__mortgage_insurance_percentage,0.002119191689416766
2020Q1,num__current_interest_rate,0.2244160920381546
2020Q1,num__current_actual_upb,0.07033718377351761
2020Q1,num__loan_age,0.19763393700122833
2020Q1,num__remaining_months_to_legal_maturity,0.0971645936369896
2020Q1,num__remaining_months_to_maturity,0.19286440312862396
2020Q1,cat__channel,0.029926832765340805
2020Q1,cat__first_time_home_buyer_indicator,0.010826179757714272
2020Q1,cat__loan_purpose,0.12139591574668884
2020Q1,cat__property_type,0.015475074760615826
2020Q1,cat__number_of_units,0.0011306715896353126
2020Q1,cat__occupancy_status,0.022513289004564285
2020Q1,cat__property_state,0.13176299631595612
2020Q1,cat__amortization_type,0.0
2020Q1,cat__current_loan_delinquency_status,1.1253368854522705
2020Q1,cat__modification_flag,0.06261137127876282
2022Q1,num__original_interest_rate,1.6416420936584473
2022Q1,num__original_upb,0.055949121713638306
2022Q1,num__original_loan_term,0.01609467715024948
2022Q1,num__original_loan_to_value_ratio_ltv,0.13880029320716858
2022Q1,num__original_combined_loan_to_value_ratio_cltv,0.20414632558822632
2022Q1,num__number_of_borrowers,0.21374323964118958
2022Q1,num__debt_to_income_dti,0.1840762048959732
2022Q1,num__borrower_credit_score_at_origination,0.5186314582824707
2022Q1,num__co_borrower_credit_score_at_origination,0.18537726998329163
2022Q1,num__mortgage_insurance_percentage,0.002857798943296075
2022Q1,num__current_interest_rate,0.2619610130786896
2022Q1,num__current_actual_upb,0.09031745046377182
2022Q1,num__loan_age,0.2819436490535736
2022Q1,num__remaining_months_to_legal_maturity,0.08727951347827911
2022Q1,num__remaining_months_to_maturity,0.20859193801879883
2022Q1,cat__channel,0.03870594874024391
2022Q1,cat__first_time_home_buyer_indicator,0.01181400939822197
2022Q1,cat__loan_purpose,0.13088776171207428
2022Q1,cat__property_type,0.01574031077325344
2022Q1,cat__number_of_units,0.001728081377223134
2022Q1,cat__occupancy_status,0.02243911661207676
2022Q1,cat__property_state,0.12095753848552704
2022Q1,cat__amortization_type,0.0
2022Q1,cat__current_loan_delinquency_status,1.1222798824310303
2022Q1,cat__modification_flag,0.05599255859851837
2024Q1,num__original_interest_rate,0.8542162179946899
2024Q1,num__original_upb,0.12554487586021423
2024Q1,num__original_loan_term,0.014041471295058727
2024Q1,num__original_loan_to_value_ratio_ltv,0.2079787254333496
2024Q1,num__original_combined_loan_to_value_ratio_cltv,0.20060865581035614
2024Q1,num__number_of_borrowers,0.27470511198043823
2024Q1,num__debt_to_income_dti,0.15612074732780457
2024Q1,num__borrower_credit_score_at_origination,0.5117576718330383
2024Q1,num__co_borrower_credit_score_at_origination,0.14478600025177002
2024Q1,num__mortgage_insurance_percentage,0.003636449808254838
2024Q1,num__current_interest_rate,0.21985019743442535
2024Q1,num__current_actual_upb,0.20974241197109222
2024Q1,num__loan_age,0.4744417667388916
2024Q1,num__remaining_months_to_legal_maturity,0.1331636607646942
2024Q1,num__remaining_months_to_maturity,0.29904356598854065
2024Q1,cat__channel,0.10816331952810287
2024Q1,cat__first_time_home_buyer_indicator,0.029165824875235558
2024Q1,cat__loan_purpose,0.21015165746212006
2024Q1,cat__property_type,0.011652384884655476
2024Q1,cat__number_of_units,0.0014859824441373348
2024Q1,cat__occupancy_status,0.014853953383862972
2024Q1,cat__property_state,0.24211418628692627
2024Q1,cat__amortization_type,0.0
2024Q1,cat__current_loan_delinquency_status,0.928689181804657
2024Q1,cat__modification_flag,0.0517907477915287
