field_position,field_name,official_field_name,description,enumerations,sf_loan_performance_applicability,type,max_length
1,reference_pool_id,Reference Pool ID,A unique identifier for the reference pool.,,NA,ALPHA-NUMERIC,X(4)
2,loan_identifier,Loan Identifier,A unique identifier for the mortgage loan.,,√,ALPHA-NUMERIC,X(12)
3,monthly_reporting_period,Monthly Reporting Period,The month and year that pertains to the servicer’s cut-off period for mortgage loan information.,,√,DATE,MMYYYY
4,channel,Channel,The origination channel used by the party that delivered the loan to the issuer.,"R = Retail
C = Correspondent
B = Broker",√,ALPHA-NUMERIC,X(1)
5,seller_name,Seller Name,The name of the entity that delivered the mortgage loan to Fannie Mae.,,√,ALPHA-NUMERIC,X(50)
6,servicer_name,Servicer Name,The name of the entity that serves as the primary servicer of the mortgage loan.,,√,ALPHA-NUMERIC,X(50)
7,master_servicer,Master Servicer,Fannie Mae,,NA,ALPHA-NUMERIC,X(10)
8,original_interest_rate,Original Interest Rate,The original interest rate on a mortgage loan as identified in the original mortgage note.,,√,NUMERIC,9(2).999
9,current_interest_rate,Current Interest Rate,The rate of interest in effect for the periodic installment due.,,√,NUMERIC,9(2).999
10,original_upb,Original UPB,The dollar amount of the loan as stated on the note at the time the loan was originated.,,√,NUMERIC,9(10).99
11,upb_at_issuance,UPB at Issuance,The unpaid principal balance of the loan as of the cut-off date of the reference pool.,,NA,NUMERIC,9(10).99
12,current_actual_upb,Current Actual UPB,"The current actual outstanding unpaid principal balance of a mortgage loan, reflective of payments actually received from the related borrower.",,√,NUMERIC,9(10).99
13,original_loan_term,Original Loan Term,"For fixed-rate, adjustable-rate and Interest-only mortgages, the number of months in which regularly scheduled borrower payments are due at the time the loan was originated.",,√,NUMERIC,9(3)
14,origination_date,Origination Date,The date of each individual note.,,√,DATE,MMYYYY
15,first_payment_date,First Payment Date,The date of the first scheduled mortgage loan payment to be made by the borrower under the terms of the mortgage loan documents.,,√,DATE,MMYYYY
16,loan_age,Loan Age,"The number of calendar months since the mortgage loan's origination date. For purposes of calculating this data element, origination means the date on which the first full month of interest begins to accrue.",,√,NUMERIC,9(3)
17,remaining_months_to_legal_maturity,Remaining Months to Legal Maturity,The number of calendar months remaining until the mortgage loan is due to be paid in full based on the maturity date as defined in the mortgage documents.,,√,NUMERIC,9(3)
18,remaining_months_to_maturity,Remaining Months To Maturity,"The number of calendar months remaining until the outstanding unpaid principal balance of the mortgage loan amortizes to a zero balance, taking into account any additional prepayments, which could lead to the loan paying off earlier than its maturity date.",,√,NUMERIC,9(3)
19,maturity_date,Maturity Date,The month and year in which a mortgage loan is scheduled to be paid in full as defined in the mortgage loan documents.,,√,DATE,MMYYYY
20,original_loan_to_value_ratio_ltv,Original Loan to Value Ratio (LTV),"The ratio, expressed as a percentage, obtained by dividing the amount of the loan at origination by the value of the property.",,√,NUMERIC,9(3)
21,original_combined_loan_to_value_ratio_cltv,Original Combined Loan to Value Ratio (CLTV),"The ratio, expressed as a percentage, obtained by dividing the amount of all known outstanding loans at origination by the value of the property.",,√,NUMERIC,9(3)
22,number_of_borrowers,Number of Borrowers,The number of individuals obligated to repay the mortgage loan.,,√,NUMERIC,9(2)
23,debt_to_income_dti,Debt-To-Income (DTI),The ratio obtained by dividing the total monthly debt expense by the total monthly income of the borrower at the time the loan was originated.,,√,NUMERIC,9(2)
24,borrower_credit_score_at_origination,Borrower Credit Score at Origination,"A numerical value used by the financial services industry to evaluate the quality of borrower’s credit. Credit scores are typically based on a proprietary statistical model that is developed for use by credit data repositories. These credit repositories apply the model to borrower credit information to arrive at a credit score. When this term is used by Fannie Mae, it is referring to the ""Classic"" FICO score developed by Fair Isaac Corporation.",,√,NUMERIC,9(3)
25,co_borrower_credit_score_at_origination,Co-Borrower Credit Score at Origination,"A numerical value used by the financial services industry to evaluate the quality of borrower’s credit. Credit scores are typically based on a proprietary statistical model that is developed for use by credit data repositories. These credit repositories apply the model to borrower credit information to arrive at a credit score. When this term is used by Fannie Mae, it is referring to the ""Classic"" FICO score developed by Fair Isaac Corporation.",,√,NUMERIC,9(3)
26,first_time_home_buyer_indicator,First Time Home Buyer Indicator,An indicator that denotes if the borrower or co-borrower qualifies as a first-time homebuyer.,"Y = Yes
N = No
Null = Unknown
",√,ALPHA-NUMERIC,X(1)
27,loan_purpose,Loan Purpose,An indicator that denotes whether the mortgage loan is either a refinance mortgage or a purchase money mortgage. Purpose may be the purchase of a new property or refinance of an existing lien (with cash out or with no cash out).,"C = Cash-Out Refinance
R = Refinance
P = Purchase
U = Refinance-Not Specified",√,ALPHA-NUMERIC,X(1)
28,property_type,Property Type,"An indicator that denotes whether the property type secured by the mortgage loan is a condominium, co-operative, planned urban development (PUD), manufactured home, or single-family home.","CO = Condominium
CP = Co-Operative
PU = Planned Urban Development
MH = Manufactured Home
SF = Single-Family Home",√,ALPHA-NUMERIC,X(2)
29,number_of_units,Number of Units,"The number of units comprising the related mortgaged property (one, two, three, or four).",,√,NUMERIC,9(1)
30,occupancy_status,Occupancy Status,The classification describing the property occupancy status at the time the loan was originated.,"P = Principal 
S =  Second
I =  Investor
U = Unknown",√,ALPHA-NUMERIC,X(1)
31,property_state,Property State,A two-letter abbreviation indicating the state or territory within which the property securing the mortgage loan is located.,,√,ALPHA-NUMERIC,X(2)
32,metropolitan_statistical_area_msa_or_metropolitan_statistical_division_area_msda,Metropolitan Statistical Area (MSA) or Metropolitan Statistical Division Area (MSDA),"The numeric Metropolitan Statistical Area (MSA) Code or Metropolitan Division (MSDA) Code for the property securing the mortgage loan.

MSAs are a geographic entity delineated by the Office of Management and Budget for use by federal statistical agencies. Metropolitan statistical areas consist of the county or counties (or equivalent entities) associated with at least one urbanized area of at least 50,000 population, plus adjacent counties having a high degree of social and economic integration with the core as measured through commuting ties.

MSDAs are a county or group of counties (or equivalent entities) delineated within a larger metropolitan statistical area, provided that the larger metropolitan statistical area contains a single core with a population of at least 2.5 million and other criteria are met. Not all metropolitan statistical areas will contain metropolitan divisions.

This disclosure will be updated from time to time, on a best-efforts basis, to reflect changes made by the Office of Management and Budget to both MSA and MSDA.   ",,√,ALPHA-NUMERIC,X(5)
33,zip_code_short,Zip Code Short,Limited to the first three digits of the code designated by the U.S. Postal Service where the subject property is located.,,√,ALPHA-NUMERIC,X(3)
34,mortgage_insurance_percentage,Mortgage Insurance Percentage,"The original percentage of mortgage insurance coverage obtained for an insured conventional mortgage loan and used following the occurrence of an event of default to calculate the insurance benefit, as defined by the underlying master primary insurance policy.",,√,NUMERIC,9(3).99
35,amortization_type,Amortization Type,The classification of the loan as having either a fixed- or an adjustable-interest rate at the time the loan was originated.,"ARM = Adjustable Rate Mortgages 
FRM = Fixed Rate Mortgages ",√,ALPHA-NUMERIC,X(3)
36,prepayment_penalty_indicator,Prepayment Penalty Indicator,An indicator that denotes whether the borrower is subject to a penalty for early payment of principal.,"Y = Yes
N = No
",√,ALPHA-NUMERIC,X(1)
37,interest_only_loan_indicator,Interest Only Loan Indicator,An indicator that denotes whether the loan only requires interest payments for a specified period of time beginning with the first payment date.,"Y = Yes
N = No",√,ALPHA-NUMERIC,X(1)
38,interest_only_first_principal_and_interest_payment_date,Interest Only First Principal And Interest Payment Date,"For interest-only loans, the month and year that the first monthly scheduled fully amortizing principal and interest payment is due.",,√,DATE,MMYYYY
39,months_to_amortization,Months to Amortization,"For interest-only loans, the number of months from the current month to the first scheduled principal and interest payment date.",,√,NUMERIC,9(3)
40,current_loan_delinquency_status,Current Loan Delinquency Status,The number of months the obligor is delinquent as determined by the governing mortgage documents.,,√,ALPHA-NUMERIC,X(2)
41,loan_payment_history,Loan Payment History,The coded string of values that describes the payment performance of the loan over the most recent 24 months.  The most recent month is located to the right.,"00 = Current
01 = 30-59 days
02 = 60-89 days
03 = 90-119 days
04 = 120 - 149 days
05 = 150 - 179 days
06 = 180 - 209 days, etc.
XX = unknown ",√,ALPHA-NUMERIC,X(48)
42,modification_flag,Modification Flag,An indicator that denotes if the mortgage loan has been modified.,"Y = Yes
N = No",√,ALPHA-NUMERIC,X(1)
43,mortgage_insurance_cancellation_indicator,Mortgage Insurance Cancellation Indicator,An indicator that denotes if the mortgage insurance (MI) has been cancelled since origination.,"Y = MI has been cancelled
N = MI has not been cancelled
NA = Never has MI",NA,ALPHA-NUMERIC,X (2)
44,zero_balance_code,Zero Balance Code,"A code indicating the reason the loan's balance was reduced to zero or experienced a credit event, if applicable. ","01 = Prepaid or Matured
02 =  Third Party Sale
03 = Short Sale
06 = Repurchased
09 = Deed-in-Lieu; REO Disposition
15 = Non Performing Note Sale
16 = Reperforming Note Sale
96 = Removal (non-credit event)

Applies to all CAS deals prior to and including 2015-C03:
97 = Delinquency (credit event due to D180)
98 = Other Credit Event",√,ALPHA-NUMERIC,X(3)
45,zero_balance_effective_date,Zero Balance Effective Date,Date on which the mortgage loan balance was reduced to zero.,,√,DATE,MMYYYY
46,upb_at_the_time_of_removal,UPB at the Time of Removal,The unpaid principal balance of the loan at the time of removal.,,√,NUMERIC,9(10).99
47,repurchase_date,Repurchase Date,The date on which a Reversed Credit Event Reference Obligation occurs with respect to a loan.,,NA,DATE,MMYYYY
48,scheduled_principal_current,Scheduled Principal Current,"The minimum principal payment the borrower is obligated to pay for the corresponding reporting period, based on the terms provided in the related mortgage loan documents, provided that the payment is collected from the borrower by the servicer and reported to Fannie Mae for the corresponding reporting period.",,NA,NUMERIC,9(10).99
49,total_principal_current,Total Principal Current,The change between the prior reporting period’s disclosed Current Actual UPB and the current reporting period’s disclosed Current Actual UPB.,,√,NUMERIC,9(10).99
50,unscheduled_principal_current,Unscheduled Principal Current,The principal amount received in excess of the scheduled principal payment collected from the borrower by the servicer and reported to Fannie Mae for the corresponding reporting period.,,NA,NUMERIC,9(10).99
51,last_paid_installment_date,Last Paid Installment Date,The due date of the last paid installment that was collected for the mortgage loan.,,√,DATE,MMYYYY
52,foreclosure_date,Foreclosure Date,The date on which the completion of the legal action of foreclosure occurred.,,√,DATE,MMYYYY
53,disposition_date,Disposition Date,The date on which Fannie Mae’s interest in a property ends through either the transfer of the property to a third party or the satisfaction of the mortgage obligation.,,√,DATE,MMYYYY
54,foreclosure_costs,Foreclosure Costs,"Expenses associated with obtaining title to property from the mortgagor, valuing the property, and maintaining utility services to the property. Such costs include costs and fees associated with bankruptcy and foreclosure.",,√,NUMERIC,9(10).99
55,property_preservation_and_repair_costs,Property Preservation and Repair Costs,"The expenses associated with securing and preserving the property including two major categories:  maintenance and repairs. Maintenance costs are associated with preserving the property through normal upkeep, while repairs are associated with either avoiding deterioration of the asset or a marketing decision to help maximize sales proceeds upon final disposition.",,√,NUMERIC,9(10).99
56,asset_recovery_costs,Asset Recovery Costs,"Expenses associated with removing occupants and personal property from an occupied property post foreclosure. Such expenses include relocation assistance, deed-in-lieu fee, and fees and costs associated with eviction actions.",,√,NUMERIC,9(10).99
57,miscellaneous_holding_expenses_and_credits,Miscellaneous Holding Expenses and Credits,"Expenses and credits associated with preserving the property, including Homeowners Association and other dues; flood, hazard, and MI premiums and refunds; rental income; and title insurance costs.",,√,NUMERIC,9(10).99
58,associated_taxes_for_holding_property,Associated Taxes for Holding Property,Payment of taxes associated with holding the property.,,√,NUMERIC,9(10).99
59,net_sales_proceeds,Net Sales Proceeds,"Total cash received from the sale of the property net of any applicable selling expenses, such as fees and commissions, allowable for inclusion under the terms of the property sale, as currently reported on the HUD-1 or other settlement statement.",,√,NUMERIC,9(10).99
60,credit_enhancement_proceeds,Credit Enhancement Proceeds,"Proceeds from claims on primary and certain other limited mortgage insurance policies, and recourse and indemnification payments from lenders under arrangements designed to limit credit exposure to Fannie Mae.",,√,NUMERIC,9(10).99
61,repurchase_make_whole_proceeds,Repurchase Make Whole Proceeds,Amounts received by Fannie Mae under the terms of our representation and warranty arrangements for the repurchase of the mortgage loan or the subject property or loss reimbursement subsequent to property disposition.,,√,NUMERIC,9(10).99
62,other_foreclosure_proceeds,Other Foreclosure Proceeds,"Amounts, other than sale proceeds, received by Fannie Mae following foreclosure of a property, including redemption proceeds received from the mortgagor.",,√,NUMERIC,9(10).99
63,modification_related_non_interest_bearing_upb,Modification-Related Non-Interest Bearing UPB,A portion of the UPB that will not accrue interest as a result of an eligible loan modification. This term does not include any non-interest bearing UPB created as a result of a payment deferral. ,,√,NUMERIC,9(10).99
64,principal_forgiveness_amount,Principal Forgiveness Amount,"A reduction of the UPB owed on a mortgage by a borrower that is formally agreed to by the lender and the borrower, usually in conjunction with a loan modification.",,√,NUMERIC,9(10).99
65,original_list_start_date,Original List Start Date,"The agreed upon date, between a property seller and a broker, authorizing the broker to begin the process to procure a buyer or tenant for the property seller’s real property.",,NA,DATE,MMYYYY
66,original_list_price,Original List Price,The initial price at which a real property is offered for sale by the property seller.  ,,NA,NUMERIC,9(10).99
67,current_list_start_date,Current List Start Date,"The agreed upon date, between a property seller and a broker, authorizing the broker to begin the process to procure a buyer or tenant for the property seller’s real property.",,NA,DATE,MMYYYY
68,current_list_price,Current List Price,The price at which a real property is offered for sale.,,NA,NUMERIC,9(10).99
69,borrower_credit_score_at_issuance,Borrower Credit Score At Issuance,"A numerical value used by the financial services industry to evaluate the quality of borrower credit. Credit scores are typically based on a proprietary statistical model that is developed for use by credit data repositories. These credit repositories apply the model to borrower credit information to arrive at a credit score. When this term is used by Fannie Mae, it is referring to FICO Score 5(1) developed by Fair Isaac Corporation and provided by Equifax Inc. and is distinct from the FICO Score referenced in Fannie Mae's Selling Guide, which may be provided by any of the three major credit repositories",,NA,NUMERIC,9(3)
70,co_borrower_credit_score_at_issuance,Co-Borrower Credit Score At Issuance,"A numerical value used by the financial services industry to evaluate the quality of borrower credit. Credit scores are typically based on a proprietary statistical model that is developed for use by credit data repositories. These credit repositories apply the model to borrower credit information to arrive at a credit score. When this term is used by Fannie Mae, it is referring to FICO Score 5(1) developed by Fair Isaac Corporation and provided by Equifax Inc and is distinct from the FICO Score referenced in Fannie Mae's Selling Guide.",,NA,NUMERIC,9(3)
71,borrower_credit_score_current,Borrower Credit Score Current,"A numerical value used by the financial services industry to evaluate the quality of borrower credit. Credit scores are typically based on a proprietary statistical model that is developed for use by credit data repositories. These credit repositories apply the model to borrower credit information to arrive at a credit score. When this term is used by Fannie Mae, it is referring to FICO Score 5(1) developed by Fair Isaac Corporation and provided by Equifax Inc and is distinct from the FICO Score referenced in Fannie Mae's Selling Guide, which may be provided by any of the three major credit repositories.",,NA,NUMERIC,9(3)
72,co_borrower_credit_score_current,Co-Borrower Credit Score Current,"A numerical value used by the financial services industry to evaluate the quality of borrower credit. Credit scores are typically based on a proprietary statistical model that is developed for use by credit data repositories. These credit repositories apply the model to borrower credit information to arrive at a credit score. When this term is used by Fannie Mae, it is referring to FICO Score 5(1) developed by Fair Isaac Corporation and provided by Equifax Inc and is distinct from the FICO Score referenced in Fannie Mae's Selling Guide.",,NA,NUMERIC,9(3)
73,mortgage_insurance_type,Mortgage Insurance Type,The entity that is responsible for the Mortgage Insurance premium payment. ,"1 = Borrower Paid
2 = Lender Paid
3 = Enterprise Paid *
Null = No MI",√,ALPHA-NUMERIC,X(1)
74,servicing_activity_indicator,Servicing Activity Indicator,An indicator that denotes a change in servicing activity during the corresponding reporting period.,"Y = Yes
N = No",√,ALPHA-NUMERIC,X(1)
75,current_period_modification_loss_amount,Current Period Modification Loss Amount,The loss amount calculated for a mortgage loan resulting from a modification event for the corresponding reporting period.,,NA,NUMERIC,9(10).99
76,cumulative_modification_loss_amount,Cumulative Modification Loss Amount,The cumulative loss amount calculated for a mortgage loan resulting from a modification or modification events.,,NA,NUMERIC,9(10).99
77,current_period_credit_event_net_gain_or_loss,Current Period Credit Event Net Gain or Loss,The net realized gain or loss amount calculated for a mortgage loan resulting from a credit event for the corresponding reporting period.,,NA,NUMERIC,9(10).99
78,cumulative_credit_event_net_gain_or_loss,Cumulative Credit Event Net Gain or Loss,The cumulative net realized gain or loss amounts for a mortgage loan resulting from a credit event.,,NA,NUMERIC,9(10).99
79,special_eligibility_program,Special Eligibility Program,"A mortgage program with expanded eligibility criteria designed to increase and maintain home ownership.

• Home Ready - An affordable mortgage program designed for eligible, creditworthy borrowers. Freddie Mac’s similar product is known as Home Possible. 

• HFA Preferred™ - An affordable, conventional mortgage program available exclusively to housing financing agencies (HFAs) to maximize financing to low-to moderate-income borrowers.

• RefiNow™ - An affordable refinance program designed for eligible, creditworthy borrowers with an existing Fannie Mae-owned mortgage.

• Other - A special eligibility program not provided within the other enumerations.

• Not Applicable - The special eligibility program disclosure is not applicable to the related loan.

• Not Available - The special eligibility program disclosure is not available for the related loan.","F = HFA Preferred™
H = HomeReady / Home Possible
R = RefiNow™
O = Other
7 = Not Applicable
9 = Not Available",√,ALPHA-NUMERIC,X(1)
80,foreclosure_principal_write_off_amount,Foreclosure Principal Write-off Amount,"Amounts that Fannie Mae or its loan servicers have determined to be uncollectable under applicable state laws, due to foreclosure statute of limitations.",,√,NUMERIC,9(10).99
81,relocation_mortgage_indicator,Relocation Mortgage Indicator,"An indicator that denotes whether or not the type of mortgage loan is a relocation mortgage loan, made to borrowers whose employers relocate their employees.","Y = Yes
N = No",√,ALPHA-NUMERIC,X(1)
82,zero_balance_code_change_date,Zero Balance Code Change Date,"The most recent date in which a loan status change was identified, resulting from corresponding change to the Zero Balance Code.",,NA,DATE,MMYYYY
83,loan_holdback_indicator,Loan Holdback Indicator,"An indicator that denotes if a loan has been moved temporarily into a ‘hold’ status to allow Fannie Mae to further evaluate unique situations that may otherwise result in a credit event or loan removal. Such situations may include loans with reported data anomalies, loans currently in forbearance due to a natural disaster or loans refinanced under the High LTV program that will continue to be included in the reference pool.","Y = Yes (current)
N = No (previously in loan hold but no longer in loan hold status)
Null = Has not been classified under loan hold status.",NA,ALPHA-NUMERIC,X(1)
84,loan_holdback_effective_date,Loan Holdback Effective Date,The date of the latest Loan Holdback indicator change.,,NA,DATE,MMYYYY
85,delinquent_accrued_interest,Delinquent Accrued Interest,The lost accrued interest amount calculated for a mortgage loan that becomes subject to a credit event for the corresponding reporting period.,,NA,NUMERIC,9(10).99
86,property_valuation_method,Property Valuation Method,"An indicator that denotes the method by which the value of the subject property was obtained.

Appraisal: The property value obtained through an appraisal that was completed by a licensed or certified
appraiser.

Appraisal waiver (Value Acceptance) plus Property Data Collection – Condition.  The appraisal is waived with the requirement
that certain property data is collected onsite by a licensed or certified appraiser or trained data collector to
ensure the condition of the property meets the GSE’s requirements but is not used to validate the value of the
property.

Appraisal waiver (Value Acceptance) plus Property Data Collection – Value: The appraisal is waived with the requirement that
certain property data is collected onsite by a licensed or certified appraiser or trained data collector and used
in a proprietary automated valuation model (AVM) to validate the value of the property.

GSE Targeted Refinance Programs: The programs implemented by the GSEs for targeted refinance products.

Appraisal waiver (Value Acceptance): An appraisal is not required per applicable Selling Guide or negotiated terms.

Other: Any property valuation method not provided for within the other enumerations","A = Appraisal
C = Appraisal Waiver plus Property Data Collection - Condition
P = Appraisal Waiver plus Property Data Collection - Value
R = GSE Targeted Refinance
W = Appraisal Waiver
O = Other",√,ALPHA-NUMERIC,X(1)
87,high_balance_loan_indicator,High Balance Loan Indicator,An indicator that denotes if the original principal balance of a mortgage loan is greater than the general conforming loan limit and up to the high-cost area loan limit.,"Y = Yes
N = No",√,ALPHA-NUMERIC,X(1)
88,arm_initial_fixed_rate_period_5_yr_indicator,ARM Initial Fixed-Rate Period  ≤ 5 YR Indicator,"For an adjustable-rate mortgage loan, an indicator that denotes if the Initial Fixed-Rate Period is less than or equal to five years.","Y = Yes 
N = No",NA,ALPHA-NUMERIC,X(1)
89,arm_product_type,ARM Product Type,"For an adjustable-rate mortgage loan, a string that denotes the Initial Fixed-Rate Period, the subsequent Interest Rate Adjustment Frequency, and the Original Loan Term.",,NA,ALPHA-NUMERIC,X(100)
90,initial_fixed_rate_period,Initial Fixed-Rate Period,"For an adjustable-rate mortgage loan, the number of months between the first full month the mortgage loan accrues interest and the initial interest rate change date. ",,NA,NUMERIC,9(4)
91,interest_rate_adjustment_frequency,Interest Rate Adjustment Frequency,"For an adjustable-rate mortgage loan, the number of months between scheduled rate changes. For loans with an Initial Fixed-Rate Period, the number of months between subsequent rate adjustments. ",,NA,NUMERIC,9(4)
92,next_interest_rate_adjustment_date,Next Interest Rate Adjustment Date,"For adjustable-rate loans, the month and year that the interest rate is next subject to change.",,NA,DATE,MMYYYY
93,next_payment_change_date,Next Payment Change Date,"For an adjustable-rate mortgage loan, the next date on which the payment amount due from the borrower is subject to change. ",,NA,DATE,MMYYYY
94,index,Index,"For adjustable-rate loans, the description of the index on which adjustments to the interest rate are based.",,NA,ALPHA-NUMERIC,X(100)
95,arm_cap_structure,ARM Cap Structure,"For an adjustable-rate mortgage loan, a numeric string that explains the interest rate caps on the ARM. The first number is the Initial Interest Rate Cap Up Percent (i.e., the maximum percentage points the interest rate can adjust upward at the initial rate change date). The second number is the Periodic Interest Rate Cap Up Percent (i.e., the maximum percentage points the interest rate can adjust upward at each interest rate change date after the initial interest rate change date). The third number is the Lifetime Interest Rate Cap Up Percent (i.e., the maximum percentage points that the interest rate can adjust upward over the life of the loan relative to the initial interest rate).",,NA,ALPHA-NUMERIC,X(10)
96,initial_interest_rate_cap_up_percent,Initial Interest Rate Cap Up Percent,"For an adjustable-rate mortgage loan, the maximum percentage points the interest rate can adjust upward at the initial interest rate change date. ",,NA,NUMERIC,9(2).9999
97,periodic_interest_rate_cap_up_percent,Periodic Interest Rate Cap Up Percent,"For an adjustable-rate mortgage loan, the maximum percentage points the interest rate can adjust upward at each interest rate change date after the initial interest rate change date. ",,NA,NUMERIC,9(2).9999
98,lifetime_interest_rate_cap_up_percent,Lifetime Interest Rate Cap Up Percent,"For an adjustable-rate mortgage loan, the maximum percentage points that the interest rate can adjust upward over the life of the loan relative to the initial interest rate.",,NA,NUMERIC,9(2).9999
99,mortgage_margin,Mortgage Margin,"For an adjustable-rate mortgage loan, the rate that is added to the index value to establish the new interest rate (after applying all applicable caps and floors) accruing on the loan at each interest rate change date. ",,NA,NUMERIC,9.(2).9999
100,arm_balloon_indicator,ARM Balloon Indicator,"For an adjustable-rate mortgage loan, a code that denotes if the loan has a balloon feature.","Y = Yes
N = No",NA,ALPHA-NUMERIC,X(1)
101,arm_plan_number,ARM Plan Number,"For an adjustable-rate mortgage loan, a code identifying the standardized plan under which the mortgage loan was delivered to Fannie Mae. The ARM plan outlines the characteristics of the adjustable-rate mortgage loan, including the ARM Index, the Initial Fixed-Rate Period, the Cap Structure, look-back days, assumability, and the option to convert to a fixed-rate mortgage loan.",,NA,NUMERIC,9(4)
102,borrower_assistance_plan,Borrower Assistance Plan,An indicator that denotes the type of assistance plan that the borrower is enrolled in that provides temporary mortgage payment relief or an opportunity for the borrower to cure a mortgage delinquency over a defined period.,"F = Forbearance Plan
R = Repayment Plan
T = Trial Period Plan
O = Other Workout Plan
N = No Workout Plan
7 = Not Applicable
9 = Not Available",√,ALPHA-NUMERIC,X(1)
103,high_loan_to_value_hltv_refinance_option_indicator,High Loan to Value (HLTV) Refinance Option Indicator,"An indicator that denotes if an eligible original reference loan is refinanced under Fannie Mae’s HLTV refinance option, which results in such mortgage loan remaining in the Reference Pool, as further defined in each individual CRT document, if applicable.","Y = Yes
N = No",√,ALPHA-NUMERIC,X(1)
104,deal_name,Deal Name,The title of the series issuance.,,NA,ALPHA-NUMERIC,X(200)
105,repurchase_make_whole_proceeds_flag,Repurchase Make Whole Proceeds Flag,Indicates if Fannie Mae received proceeds under the terms of its representation and warranty arrangements for the repurchase of the mortgage loan. ,"  Y = Yes
N = No ",√,ALPHA-NUMERIC,X(1)
106,alternative_delinquency_resolution,Alternative Delinquency Resolution,"An indicator that denotes the loss mitigation solution designed to resolve delinquencies and help homeowners remain in their homes in accordance with the servicer’s contractual obligation, while allowing the loan to remain in the security.","P = Payment Deferral Option
C = Payment Deferral Option Specific to COVID-19
D = Payment Deferral Option Specific to Certain Natural Disaster Related Events
7 = Not Applicable
9 = Not Available",√,ALPHA-NUMERIC,X(1)
107,alternative_delinquency_resolution_count,Alternative Delinquency Resolution Count,The total number of Alternative Delinquency Resolutions as reported by the servicer for a specific loan.,,√,NUMERIC,9(3)
108,total_deferral_amount,Total Deferral Amount,The total non-interest-bearing deferral amount related to one or more Alternative Delinquency Resolutions.,,√,NUMERIC,9(10).99
109,payment_deferral_modification_event_indicator,Payment Deferral Modification Event Indicator,An indicator that denotes if a payment deferral is contributing to a modification event,"Y = Yes
N = No
7 = Not Applicable",√,ALPHA-NUMERIC,X(1)
110,interest_bearing_upb,Interest Bearing UPB,The current actual outstanding UPB of the mortgage loan less any non-interest bearing UPB resulting from an eligible modification event.,,NA,NUMERIC,9(10).99
111,origination_classic_fico,Origination Classic FICO®,"A numerical value used by the financial services industry to evaluate the quality of borrower credit. Credit scores are typically based on a proprietary statistical model that is developed for use by credit data repositories. These credit repositories apply the model to borrower credit information to arrive at a credit score. When this term is used by Fannie Mae, it is referring to Classic FICO® Score developed by Fair Isaac Corporation.",,√,NUMERIC,9(3)
112,issuance_classic_fico,Issuance Classic FICO®,"A numerical value used by the financial services industry to evaluate the quality of borrower credit. Credit scores are typically based on a proprietary statistical model that is developed for use by credit data repositories. These credit repositories apply the model to borrower credit information to arrive at a credit score. When this term is used by Fannie Mae, it is referring to Classic FICO® Score developed by Fair Isaac Corporation and provided by Equifax Inc and is distinct from the FICO Score referenced in Fannie Mae's Selling Guide.",,NA,NUMERIC,9(3)
113,current_classic_fico,Current Classic FICO®,"A numerical value used by the financial services industry to evaluate the quality of borrower credit. Credit scores are typically based on a proprietary statistical model that is developed for use by credit data repositories. These credit repositories apply the model to borrower credit information to arrive at a credit score. When this term is used by Fannie Mae, it is referring to Classic FICO® Score developed by Fair Isaac Corporation and provided by Equifax Inc and is distinct from the FICO Score referenced in Fannie Mae's Selling Guide.",,NA,NUMERIC,9(3)
